Class	variable	value
TB	cg00782174	7
TB	cg00782174	7
TB	cg00782174	7
TB	cg00782174	6
TB	cg00782174	5
TB	cg00782174	5
TB	cg00782174	5
TB	cg00782174	5
TB	cg00782174	5
TB	cg00782174	6
TB	cg00782174	6
TB	cg00782174	5
TB	cg00782174	6
TB	cg00782174	6
TB	cg00782174	5
TB	cg00782174	6
TB	cg00782174	4
TB	cg00782174	6
TB	cg00782174	5
TB	cg00782174	5
TB	cg00782174	5
TB	cg00782174	4
TB	cg00782174	6
TB	cg00782174	4
TB	cg00782174	5
TB	cg00782174	5
TB	cg00782174	5
TB	cg00782174	5
TB	cg00782174	6
TB	cg00782174	5
TB	cg00782174	5
TB	cg00782174	5
TB	cg00782174	0
TB	cg00782174	0
TB	cg00782174	0
TB	cg00782174	0
TB	cg00782174	0
TB	cg00782174	0
TB	cg00782174	0
TB	cg00782174	0
TB	cg00782174	0
TB	cg00782174	33
TB	cg00782174	53
TB	cg00782174	45
TB	cg00782174	51
TB	cg00782174	39
TB	cg00782174	51
TB	cg00782174	46
TB	cg00782174	44
TB	cg00782174	59
TB	cg00782174	44
TB	cg00782174	46
TB	cg00782174	52
TB	cg00782174	50
TB	cg00782174	35
TB	cg00782174	44
TB	cg00782174	39
TB	cg00782174	43
TB	cg00782174	47
TB	cg00782174	47
TB	cg00782174	36
TB	cg00782174	50
TB	cg00782174	41
TB	cg00782174	40
TB	cg00782174	45
TB	cg00782174	52
TB	cg00782174	45
TB	cg00782174	39
TB	cg00782174	37
TB	cg00782174	33
TB	cg00782174	39
TB	cg00782174	42
TB	cg00782174	36
TB	cg00782174	38
TB	cg00782174	47
TB	cg00782174	62
TB	cg00782174	40
TB	cg00782174	46
TB	cg00782174	46
TB	cg00782174	48
TB	cg00782174	41
TB	cg00782174	48
TB	cg00782174	41
TB	cg00782174	58
TB	cg00782174	49
TB	cg00782174	54
TB	cg00782174	39
TB	cg00782174	47
TB	cg00782174	45
TB	cg00782174	43
TB	cg00782174	35
TB	cg00782174	43
TB	cg00782174	48
TB	cg00782174	39
TB	cg00782174	44
TB	cg00782174	51
TB	cg00782174	48
TB	cg00782174	40
HC	cg00782174	35
HC	cg00782174	32
HC	cg00782174	33
HC	cg00782174	29
HC	cg00782174	32
HC	cg00782174	27
HC	cg00782174	26
HC	cg00782174	27
HC	cg00782174	27
HC	cg00782174	22
HC	cg00782174	29
HC	cg00782174	31
HC	cg00782174	24
HC	cg00782174	25
HC	cg00782174	27
HC	cg00782174	25
HC	cg00782174	31
HC	cg00782174	24
HC	cg00782174	26
HC	cg00782174	23
HC	cg00782174	22
HC	cg00782174	27
HC	cg00782174	34
HC	cg00782174	33
HC	cg00782174	27
HC	cg00782174	31
HC	cg00782174	12
HC	cg00782174	11
HC	cg00782174	13
HC	cg00782174	10
HC	cg00782174	12
HC	cg00782174	12
HC	cg00782174	11
HC	cg00782174	15
HC	cg00782174	13
HC	cg00782174	19
HC	cg00782174	21
HC	cg00782174	14
HC	cg00782174	16
HC	cg00782174	15
HC	cg00782174	15
HC	cg00782174	13
HC	cg00782174	31
HC	cg00782174	28
HC	cg00782174	27
HC	cg00782174	22
HC	cg00782174	22
HC	cg00782174	9
HC	cg00782174	9
HC	cg00782174	8
HC	cg00782174	8
HC	cg00782174	7
HC	cg00782174	7
HC	cg00782174	7
HC	cg00782174	9
HC	cg00782174	10
HC	cg00782174	11
HC	cg00782174	7
HC	cg00782174	9
HC	cg00782174	8
HC	cg00782174	10
HC	cg00782174	9
HC	cg00782174	10
HC	cg00782174	9
HC	cg00782174	8
HC	cg00782174	7
HC	cg00782174	6
HC	cg00782174	8
HC	cg00782174	8
HC	cg00782174	7
HC	cg00782174	7
HC	cg00782174	9
HC	cg00782174	6
HC	cg00782174	7
HC	cg00782174	9
HC	cg00782174	35
HC	cg00782174	35
HC	cg00782174	51
HC	cg00782174	41
HC	cg00782174	52
HC	cg00782174	37
HC	cg00782174	40
HC	cg00782174	47
HC	cg00782174	46
HC	cg00782174	35
HC	cg00782174	35
HC	cg00782174	33
HC	cg00782174	28
HC	cg00782174	32
HC	cg00782174	29
HC	cg00782174	35
HC	cg00782174	39
HC	cg00782174	42
HC	cg00782174	40
HC	cg00782174	36
HC	cg00782174	36
HC	cg00782174	35
HC	cg00782174	35
HC	cg00782174	37
HC	cg00782174	40
HC	cg00782174	34
HC	cg00782174	33
HC	cg00782174	38
HC	cg00782174	35
HC	cg00782174	31
HC	cg00782174	42
TB	cg01737507	58
TB	cg01737507	56
TB	cg01737507	61
TB	cg01737507	44
TB	cg01737507	49
TB	cg01737507	49
TB	cg01737507	48
TB	cg01737507	44
TB	cg01737507	46
TB	cg01737507	50
TB	cg01737507	48
TB	cg01737507	50
TB	cg01737507	46
TB	cg01737507	46
TB	cg01737507	45
TB	cg01737507	50
TB	cg01737507	50
TB	cg01737507	48
TB	cg01737507	49
TB	cg01737507	48
TB	cg01737507	45
TB	cg01737507	46
TB	cg01737507	49
TB	cg01737507	45
TB	cg01737507	53
TB	cg01737507	51
TB	cg01737507	50
TB	cg01737507	45
TB	cg01737507	42
TB	cg01737507	49
TB	cg01737507	47
TB	cg01737507	44
TB	cg01737507	0
TB	cg01737507	0
TB	cg01737507	0
TB	cg01737507	0
TB	cg01737507	0
TB	cg01737507	0
TB	cg01737507	0
TB	cg01737507	0
TB	cg01737507	0
TB	cg01737507	6
TB	cg01737507	4
TB	cg01737507	6
TB	cg01737507	5
TB	cg01737507	6
TB	cg01737507	6
TB	cg01737507	3
TB	cg01737507	3
TB	cg01737507	4
TB	cg01737507	6
TB	cg01737507	6
TB	cg01737507	5
TB	cg01737507	5
TB	cg01737507	3
TB	cg01737507	5
TB	cg01737507	5
TB	cg01737507	6
TB	cg01737507	5
TB	cg01737507	3
TB	cg01737507	4
TB	cg01737507	4
TB	cg01737507	4
TB	cg01737507	4
TB	cg01737507	5
TB	cg01737507	5
TB	cg01737507	5
TB	cg01737507	5
TB	cg01737507	5
TB	cg01737507	5
TB	cg01737507	3
TB	cg01737507	5
TB	cg01737507	4
TB	cg01737507	5
TB	cg01737507	6
TB	cg01737507	3
TB	cg01737507	4
TB	cg01737507	4
TB	cg01737507	6
TB	cg01737507	6
TB	cg01737507	5
TB	cg01737507	3
TB	cg01737507	6
TB	cg01737507	4
TB	cg01737507	5
TB	cg01737507	5
TB	cg01737507	5
TB	cg01737507	7
TB	cg01737507	4
TB	cg01737507	5
TB	cg01737507	4
TB	cg01737507	4
TB	cg01737507	5
TB	cg01737507	6
TB	cg01737507	4
TB	cg01737507	5
TB	cg01737507	4
TB	cg01737507	4
HC	cg01737507	1
HC	cg01737507	1
HC	cg01737507	1
HC	cg01737507	0
HC	cg01737507	1
HC	cg01737507	6
HC	cg01737507	7
HC	cg01737507	7
HC	cg01737507	9
HC	cg01737507	8
HC	cg01737507	7
HC	cg01737507	13
HC	cg01737507	7
HC	cg01737507	7
HC	cg01737507	7
HC	cg01737507	8
HC	cg01737507	7
HC	cg01737507	7
HC	cg01737507	7
HC	cg01737507	7
HC	cg01737507	7
HC	cg01737507	7
HC	cg01737507	7
HC	cg01737507	8
HC	cg01737507	6
HC	cg01737507	7
HC	cg01737507	58
HC	cg01737507	57
HC	cg01737507	56
HC	cg01737507	55
HC	cg01737507	59
HC	cg01737507	58
HC	cg01737507	55
HC	cg01737507	55
HC	cg01737507	52
HC	cg01737507	67
HC	cg01737507	64
HC	cg01737507	60
HC	cg01737507	58
HC	cg01737507	60
HC	cg01737507	60
HC	cg01737507	61
HC	cg01737507	8
HC	cg01737507	9
HC	cg01737507	8
HC	cg01737507	8
HC	cg01737507	8
HC	cg01737507	61
HC	cg01737507	59
HC	cg01737507	60
HC	cg01737507	65
HC	cg01737507	57
HC	cg01737507	61
HC	cg01737507	65
HC	cg01737507	61
HC	cg01737507	62
HC	cg01737507	63
HC	cg01737507	64
HC	cg01737507	59
HC	cg01737507	58
HC	cg01737507	61
HC	cg01737507	62
HC	cg01737507	62
HC	cg01737507	64
HC	cg01737507	62
HC	cg01737507	61
HC	cg01737507	61
HC	cg01737507	61
HC	cg01737507	62
HC	cg01737507	58
HC	cg01737507	58
HC	cg01737507	60
HC	cg01737507	59
HC	cg01737507	60
HC	cg01737507	59
HC	cg01737507	5
HC	cg01737507	4
HC	cg01737507	5
HC	cg01737507	3
HC	cg01737507	4
HC	cg01737507	4
HC	cg01737507	5
HC	cg01737507	4
HC	cg01737507	7
HC	cg01737507	5
HC	cg01737507	5
HC	cg01737507	5
HC	cg01737507	7
HC	cg01737507	6
HC	cg01737507	7
HC	cg01737507	5
HC	cg01737507	5
HC	cg01737507	10
HC	cg01737507	5
HC	cg01737507	7
HC	cg01737507	5
HC	cg01737507	7
HC	cg01737507	5
HC	cg01737507	7
HC	cg01737507	5
HC	cg01737507	5
HC	cg01737507	6
HC	cg01737507	7
HC	cg01737507	5
HC	cg01737507	7
HC	cg01737507	6
TB	cg06497752	38
TB	cg06497752	38
TB	cg06497752	40
TB	cg06497752	38
TB	cg06497752	37
TB	cg06497752	38
TB	cg06497752	37
TB	cg06497752	36
TB	cg06497752	38
TB	cg06497752	38
TB	cg06497752	38
TB	cg06497752	37
TB	cg06497752	36
TB	cg06497752	38
TB	cg06497752	37
TB	cg06497752	37
TB	cg06497752	37
TB	cg06497752	37
TB	cg06497752	39
TB	cg06497752	37
TB	cg06497752	38
TB	cg06497752	39
TB	cg06497752	37
TB	cg06497752	35
TB	cg06497752	37
TB	cg06497752	38
TB	cg06497752	37
TB	cg06497752	38
TB	cg06497752	43
TB	cg06497752	36
TB	cg06497752	37
TB	cg06497752	38
TB	cg06497752	0
TB	cg06497752	16.5
TB	cg06497752	0
TB	cg06497752	0
TB	cg06497752	0
TB	cg06497752	0
TB	cg06497752	0
TB	cg06497752	0
TB	cg06497752	0
TB	cg06497752	4
TB	cg06497752	3
TB	cg06497752	4
TB	cg06497752	4
TB	cg06497752	3
TB	cg06497752	5
TB	cg06497752	4
TB	cg06497752	4
TB	cg06497752	5
TB	cg06497752	3
TB	cg06497752	3
TB	cg06497752	3
TB	cg06497752	3
TB	cg06497752	5
TB	cg06497752	3
TB	cg06497752	3
TB	cg06497752	4
TB	cg06497752	4
TB	cg06497752	2
TB	cg06497752	2
TB	cg06497752	2
TB	cg06497752	4
TB	cg06497752	3
TB	cg06497752	3
TB	cg06497752	3
TB	cg06497752	3
TB	cg06497752	3
TB	cg06497752	4
TB	cg06497752	3
TB	cg06497752	3
TB	cg06497752	3
TB	cg06497752	4
TB	cg06497752	4
TB	cg06497752	3
TB	cg06497752	3
TB	cg06497752	4
TB	cg06497752	4
TB	cg06497752	3
TB	cg06497752	3
TB	cg06497752	4
TB	cg06497752	3
TB	cg06497752	4
TB	cg06497752	3
TB	cg06497752	3
TB	cg06497752	3
TB	cg06497752	4
TB	cg06497752	3
TB	cg06497752	4
TB	cg06497752	5
TB	cg06497752	3
TB	cg06497752	3
TB	cg06497752	3
TB	cg06497752	4
TB	cg06497752	3
TB	cg06497752	3
TB	cg06497752	2
TB	cg06497752	4
HC	cg06497752	1
HC	cg06497752	0
HC	cg06497752	0
HC	cg06497752	2
HC	cg06497752	2
HC	cg06497752	4
HC	cg06497752	5
HC	cg06497752	5
HC	cg06497752	5
HC	cg06497752	5
HC	cg06497752	9
HC	cg06497752	4
HC	cg06497752	4
HC	cg06497752	5
HC	cg06497752	5
HC	cg06497752	5
HC	cg06497752	5
HC	cg06497752	11
HC	cg06497752	4
HC	cg06497752	9
HC	cg06497752	4
HC	cg06497752	5
HC	cg06497752	4
HC	cg06497752	4
HC	cg06497752	5
HC	cg06497752	5
HC	cg06497752	42
HC	cg06497752	42
HC	cg06497752	44
HC	cg06497752	43
HC	cg06497752	42
HC	cg06497752	43
HC	cg06497752	43
HC	cg06497752	42
HC	cg06497752	44
HC	cg06497752	44
HC	cg06497752	44
HC	cg06497752	43
HC	cg06497752	43
HC	cg06497752	41
HC	cg06497752	42
HC	cg06497752	42
HC	cg06497752	4
HC	cg06497752	6
HC	cg06497752	4
HC	cg06497752	6
HC	cg06497752	5
HC	cg06497752	42
HC	cg06497752	42
HC	cg06497752	40
HC	cg06497752	41
HC	cg06497752	41
HC	cg06497752	40
HC	cg06497752	41
HC	cg06497752	39
HC	cg06497752	40
HC	cg06497752	39
HC	cg06497752	42
HC	cg06497752	40
HC	cg06497752	40
HC	cg06497752	38
HC	cg06497752	42
HC	cg06497752	42
HC	cg06497752	42
HC	cg06497752	42
HC	cg06497752	40
HC	cg06497752	40
HC	cg06497752	40
HC	cg06497752	38
HC	cg06497752	41
HC	cg06497752	41
HC	cg06497752	43
HC	cg06497752	41
HC	cg06497752	40
HC	cg06497752	40
HC	cg06497752	4
HC	cg06497752	4
HC	cg06497752	3
HC	cg06497752	3
HC	cg06497752	3
HC	cg06497752	4
HC	cg06497752	3
HC	cg06497752	4
HC	cg06497752	4
HC	cg06497752	3
HC	cg06497752	3
HC	cg06497752	4
HC	cg06497752	5
HC	cg06497752	5
HC	cg06497752	5
HC	cg06497752	7
HC	cg06497752	5
HC	cg06497752	6
HC	cg06497752	4
HC	cg06497752	5
HC	cg06497752	9
HC	cg06497752	5
HC	cg06497752	4
HC	cg06497752	3
HC	cg06497752	3
HC	cg06497752	5
HC	cg06497752	3
HC	cg06497752	4
HC	cg06497752	4
HC	cg06497752	5
HC	cg06497752	5
TB	cg10140638	31
TB	cg10140638	38
TB	cg10140638	39
TB	cg10140638	28
TB	cg10140638	29
TB	cg10140638	29
TB	cg10140638	31
TB	cg10140638	28
TB	cg10140638	33
TB	cg10140638	31
TB	cg10140638	27
TB	cg10140638	26
TB	cg10140638	30
TB	cg10140638	29
TB	cg10140638	30
TB	cg10140638	31
TB	cg10140638	30
TB	cg10140638	29
TB	cg10140638	31
TB	cg10140638	29
TB	cg10140638	31
TB	cg10140638	27
TB	cg10140638	30
TB	cg10140638	29
TB	cg10140638	31
TB	cg10140638	29
TB	cg10140638	28
TB	cg10140638	26
TB	cg10140638	34
TB	cg10140638	29
TB	cg10140638	26
TB	cg10140638	27
TB	cg10140638	0
TB	cg10140638	0
TB	cg10140638	0
TB	cg10140638	0
TB	cg10140638	0
TB	cg10140638	16.5
TB	cg10140638	0
TB	cg10140638	0
TB	cg10140638	0
TB	cg10140638	8
TB	cg10140638	7
TB	cg10140638	6
TB	cg10140638	6
TB	cg10140638	4
TB	cg10140638	10
TB	cg10140638	4
TB	cg10140638	4
TB	cg10140638	7
TB	cg10140638	5
TB	cg10140638	4
TB	cg10140638	5
TB	cg10140638	6
TB	cg10140638	5
TB	cg10140638	5
TB	cg10140638	5
TB	cg10140638	5
TB	cg10140638	4
TB	cg10140638	5
TB	cg10140638	6
TB	cg10140638	8
TB	cg10140638	5
TB	cg10140638	4
TB	cg10140638	5
TB	cg10140638	4
TB	cg10140638	8
TB	cg10140638	6
TB	cg10140638	5
TB	cg10140638	6
TB	cg10140638	5
TB	cg10140638	5
TB	cg10140638	4
TB	cg10140638	7
TB	cg10140638	4
TB	cg10140638	7
TB	cg10140638	6
TB	cg10140638	6
TB	cg10140638	7
TB	cg10140638	4
TB	cg10140638	5
TB	cg10140638	5
TB	cg10140638	5
TB	cg10140638	6
TB	cg10140638	5
TB	cg10140638	5
TB	cg10140638	6
TB	cg10140638	6
TB	cg10140638	7
TB	cg10140638	6
TB	cg10140638	5
TB	cg10140638	5
TB	cg10140638	6
TB	cg10140638	6
TB	cg10140638	4
TB	cg10140638	5
TB	cg10140638	5
TB	cg10140638	9
HC	cg10140638	4
HC	cg10140638	5
HC	cg10140638	4
HC	cg10140638	3
HC	cg10140638	4
HC	cg10140638	23
HC	cg10140638	19
HC	cg10140638	20
HC	cg10140638	19
HC	cg10140638	23
HC	cg10140638	21
HC	cg10140638	28
HC	cg10140638	24
HC	cg10140638	27
HC	cg10140638	20
HC	cg10140638	21
HC	cg10140638	29
HC	cg10140638	28
HC	cg10140638	21
HC	cg10140638	24
HC	cg10140638	25
HC	cg10140638	25
HC	cg10140638	23
HC	cg10140638	25
HC	cg10140638	26
HC	cg10140638	22
HC	cg10140638	39
HC	cg10140638	42
HC	cg10140638	40
HC	cg10140638	41
HC	cg10140638	43
HC	cg10140638	44
HC	cg10140638	37
HC	cg10140638	38
HC	cg10140638	41
HC	cg10140638	48
HC	cg10140638	52
HC	cg10140638	43
HC	cg10140638	44
HC	cg10140638	44
HC	cg10140638	45
HC	cg10140638	45
HC	cg10140638	16
HC	cg10140638	11
HC	cg10140638	13
HC	cg10140638	13
HC	cg10140638	12
HC	cg10140638	38
HC	cg10140638	33
HC	cg10140638	40
HC	cg10140638	38
HC	cg10140638	40
HC	cg10140638	37
HC	cg10140638	39
HC	cg10140638	39
HC	cg10140638	38
HC	cg10140638	41
HC	cg10140638	41
HC	cg10140638	39
HC	cg10140638	40
HC	cg10140638	37
HC	cg10140638	41
HC	cg10140638	39
HC	cg10140638	39
HC	cg10140638	38
HC	cg10140638	40
HC	cg10140638	36
HC	cg10140638	38
HC	cg10140638	40
HC	cg10140638	41
HC	cg10140638	38
HC	cg10140638	43
HC	cg10140638	40
HC	cg10140638	37
HC	cg10140638	42
HC	cg10140638	7
HC	cg10140638	10
HC	cg10140638	6
HC	cg10140638	6
HC	cg10140638	4
HC	cg10140638	8
HC	cg10140638	5
HC	cg10140638	6
HC	cg10140638	6
HC	cg10140638	6
HC	cg10140638	5
HC	cg10140638	6
HC	cg10140638	6
HC	cg10140638	8
HC	cg10140638	10
HC	cg10140638	10
HC	cg10140638	7
HC	cg10140638	8
HC	cg10140638	7
HC	cg10140638	9
HC	cg10140638	6
HC	cg10140638	6
HC	cg10140638	8
HC	cg10140638	10
HC	cg10140638	8
HC	cg10140638	6
HC	cg10140638	8
HC	cg10140638	12
HC	cg10140638	9
HC	cg10140638	9
HC	cg10140638	8
TB	cg10453758	73
TB	cg10453758	80
TB	cg10453758	69
TB	cg10453758	43
TB	cg10453758	21
TB	cg10453758	62
TB	cg10453758	31
TB	cg10453758	47
TB	cg10453758	22
TB	cg10453758	39
TB	cg10453758	44
TB	cg10453758	64
TB	cg10453758	26
TB	cg10453758	24
TB	cg10453758	41
TB	cg10453758	32
TB	cg10453758	24
TB	cg10453758	49
TB	cg10453758	19
TB	cg10453758	35
TB	cg10453758	28
TB	cg10453758	61
TB	cg10453758	21
TB	cg10453758	31
TB	cg10453758	59
TB	cg10453758	24
TB	cg10453758	24
TB	cg10453758	13
TB	cg10453758	52
TB	cg10453758	31
TB	cg10453758	21
TB	cg10453758	60
TB	cg10453758	83
TB	cg10453758	64
TB	cg10453758	70.5
TB	cg10453758	63
TB	cg10453758	90
TB	cg10453758	55
TB	cg10453758	64
TB	cg10453758	83
TB	cg10453758	100
TB	cg10453758	34
TB	cg10453758	38
TB	cg10453758	31
TB	cg10453758	32
TB	cg10453758	31
TB	cg10453758	28
TB	cg10453758	32
TB	cg10453758	34
TB	cg10453758	27
TB	cg10453758	33
TB	cg10453758	28
TB	cg10453758	28
TB	cg10453758	30
TB	cg10453758	40
TB	cg10453758	33
TB	cg10453758	33
TB	cg10453758	32
TB	cg10453758	27
TB	cg10453758	37
TB	cg10453758	29
TB	cg10453758	28
TB	cg10453758	27
TB	cg10453758	32
TB	cg10453758	43
TB	cg10453758	33
TB	cg10453758	34
TB	cg10453758	34
TB	cg10453758	24
TB	cg10453758	41
TB	cg10453758	26
TB	cg10453758	31
TB	cg10453758	37
TB	cg10453758	39
TB	cg10453758	44
TB	cg10453758	30
TB	cg10453758	37
TB	cg10453758	25
TB	cg10453758	28
TB	cg10453758	37
TB	cg10453758	23
TB	cg10453758	28
TB	cg10453758	36
TB	cg10453758	31
TB	cg10453758	35
TB	cg10453758	36
TB	cg10453758	37
TB	cg10453758	36
TB	cg10453758	31
TB	cg10453758	34
TB	cg10453758	29
TB	cg10453758	29
TB	cg10453758	31
TB	cg10453758	31
TB	cg10453758	30
TB	cg10453758	39
TB	cg10453758	34
TB	cg10453758	30
HC	cg10453758	67
HC	cg10453758	69
HC	cg10453758	62
HC	cg10453758	56
HC	cg10453758	56
HC	cg10453758	56
HC	cg10453758	61
HC	cg10453758	53
HC	cg10453758	54
HC	cg10453758	56
HC	cg10453758	59
HC	cg10453758	61
HC	cg10453758	52
HC	cg10453758	52
HC	cg10453758	61
HC	cg10453758	54
HC	cg10453758	53
HC	cg10453758	47
HC	cg10453758	56
HC	cg10453758	60
HC	cg10453758	49
HC	cg10453758	57
HC	cg10453758	52
HC	cg10453758	49
HC	cg10453758	57
HC	cg10453758	56
HC	cg10453758	73
HC	cg10453758	74
HC	cg10453758	65
HC	cg10453758	70
HC	cg10453758	72
HC	cg10453758	66
HC	cg10453758	73
HC	cg10453758	67
HC	cg10453758	62
HC	cg10453758	70
HC	cg10453758	76
HC	cg10453758	68
HC	cg10453758	69
HC	cg10453758	62
HC	cg10453758	67
HC	cg10453758	50
HC	cg10453758	40
HC	cg10453758	37
HC	cg10453758	31
HC	cg10453758	41
HC	cg10453758	43
HC	cg10453758	65
HC	cg10453758	70
HC	cg10453758	57
HC	cg10453758	67
HC	cg10453758	65
HC	cg10453758	66
HC	cg10453758	74
HC	cg10453758	67
HC	cg10453758	71
HC	cg10453758	64
HC	cg10453758	60
HC	cg10453758	63
HC	cg10453758	62
HC	cg10453758	63
HC	cg10453758	68
HC	cg10453758	59
HC	cg10453758	68
HC	cg10453758	67
HC	cg10453758	65
HC	cg10453758	62
HC	cg10453758	67
HC	cg10453758	70
HC	cg10453758	75
HC	cg10453758	80
HC	cg10453758	76
HC	cg10453758	78
HC	cg10453758	71
HC	cg10453758	80
HC	cg10453758	36
HC	cg10453758	45
HC	cg10453758	30
HC	cg10453758	33
HC	cg10453758	27
HC	cg10453758	38
HC	cg10453758	29
HC	cg10453758	32
HC	cg10453758	30
HC	cg10453758	37
HC	cg10453758	41
HC	cg10453758	41
HC	cg10453758	30
HC	cg10453758	23
HC	cg10453758	25
HC	cg10453758	24
HC	cg10453758	22
HC	cg10453758	27
HC	cg10453758	22
HC	cg10453758	25
HC	cg10453758	31
HC	cg10453758	25
HC	cg10453758	25
HC	cg10453758	25
HC	cg10453758	27
HC	cg10453758	24
HC	cg10453758	33
HC	cg10453758	31
HC	cg10453758	29
HC	cg10453758	25
HC	cg10453758	31
TB	cg11166252	43
TB	cg11166252	45
TB	cg11166252	48
TB	cg11166252	32
TB	cg11166252	35
TB	cg11166252	35
TB	cg11166252	34
TB	cg11166252	37
TB	cg11166252	33
TB	cg11166252	34
TB	cg11166252	33
TB	cg11166252	33
TB	cg11166252	35
TB	cg11166252	38
TB	cg11166252	37
TB	cg11166252	35
TB	cg11166252	35
TB	cg11166252	34
TB	cg11166252	37
TB	cg11166252	37
TB	cg11166252	35
TB	cg11166252	31
TB	cg11166252	37
TB	cg11166252	33
TB	cg11166252	38
TB	cg11166252	33
TB	cg11166252	34
TB	cg11166252	33
TB	cg11166252	35
TB	cg11166252	35
TB	cg11166252	33
TB	cg11166252	35
TB	cg11166252	0
TB	cg11166252	0
TB	cg11166252	0
TB	cg11166252	0
TB	cg11166252	0
TB	cg11166252	0
TB	cg11166252	0
TB	cg11166252	0
TB	cg11166252	0
TB	cg11166252	4
TB	cg11166252	4
TB	cg11166252	4
TB	cg11166252	3
TB	cg11166252	4
TB	cg11166252	4
TB	cg11166252	3
TB	cg11166252	4
TB	cg11166252	4
TB	cg11166252	5
TB	cg11166252	4
TB	cg11166252	4
TB	cg11166252	3
TB	cg11166252	3
TB	cg11166252	3
TB	cg11166252	5
TB	cg11166252	4
TB	cg11166252	4
TB	cg11166252	4
TB	cg11166252	5
TB	cg11166252	4
TB	cg11166252	4
TB	cg11166252	4
TB	cg11166252	5
TB	cg11166252	4
TB	cg11166252	5
TB	cg11166252	4
TB	cg11166252	4
TB	cg11166252	4
TB	cg11166252	4
TB	cg11166252	4
TB	cg11166252	4
TB	cg11166252	4
TB	cg11166252	4
TB	cg11166252	4
TB	cg11166252	3
TB	cg11166252	4
TB	cg11166252	3
TB	cg11166252	4
TB	cg11166252	4
TB	cg11166252	4
TB	cg11166252	4
TB	cg11166252	3
TB	cg11166252	3
TB	cg11166252	3
TB	cg11166252	5
TB	cg11166252	4
TB	cg11166252	3
TB	cg11166252	4
TB	cg11166252	4
TB	cg11166252	4
TB	cg11166252	4
TB	cg11166252	4
TB	cg11166252	4
TB	cg11166252	4
TB	cg11166252	3
TB	cg11166252	4
HC	cg11166252	0
HC	cg11166252	0
HC	cg11166252	0
HC	cg11166252	1
HC	cg11166252	0
HC	cg11166252	5
HC	cg11166252	6
HC	cg11166252	6
HC	cg11166252	6
HC	cg11166252	6
HC	cg11166252	5
HC	cg11166252	6
HC	cg11166252	5
HC	cg11166252	5
HC	cg11166252	6
HC	cg11166252	6
HC	cg11166252	5
HC	cg11166252	5
HC	cg11166252	6
HC	cg11166252	5
HC	cg11166252	5
HC	cg11166252	5
HC	cg11166252	6
HC	cg11166252	6
HC	cg11166252	5
HC	cg11166252	6
HC	cg11166252	44
HC	cg11166252	46
HC	cg11166252	40
HC	cg11166252	41
HC	cg11166252	47
HC	cg11166252	42
HC	cg11166252	41
HC	cg11166252	47
HC	cg11166252	37
HC	cg11166252	50
HC	cg11166252	50
HC	cg11166252	44
HC	cg11166252	48
HC	cg11166252	48
HC	cg11166252	40
HC	cg11166252	52
HC	cg11166252	7
HC	cg11166252	7
HC	cg11166252	6
HC	cg11166252	6
HC	cg11166252	6
HC	cg11166252	46
HC	cg11166252	47
HC	cg11166252	42
HC	cg11166252	49
HC	cg11166252	44
HC	cg11166252	53
HC	cg11166252	52
HC	cg11166252	49
HC	cg11166252	50
HC	cg11166252	49
HC	cg11166252	49
HC	cg11166252	49
HC	cg11166252	47
HC	cg11166252	47
HC	cg11166252	47
HC	cg11166252	52
HC	cg11166252	45
HC	cg11166252	46
HC	cg11166252	46
HC	cg11166252	47
HC	cg11166252	48
HC	cg11166252	48
HC	cg11166252	47
HC	cg11166252	49
HC	cg11166252	53
HC	cg11166252	48
HC	cg11166252	44
HC	cg11166252	49
HC	cg11166252	4
HC	cg11166252	4
HC	cg11166252	9
HC	cg11166252	4
HC	cg11166252	3
HC	cg11166252	4
HC	cg11166252	4
HC	cg11166252	4
HC	cg11166252	4
HC	cg11166252	3
HC	cg11166252	3
HC	cg11166252	5
HC	cg11166252	6
HC	cg11166252	5
HC	cg11166252	6
HC	cg11166252	5
HC	cg11166252	4
HC	cg11166252	5
HC	cg11166252	4
HC	cg11166252	6
HC	cg11166252	4
HC	cg11166252	6
HC	cg11166252	4
HC	cg11166252	4
HC	cg11166252	4
HC	cg11166252	4
HC	cg11166252	4
HC	cg11166252	5
HC	cg11166252	4
HC	cg11166252	6
HC	cg11166252	5
TB	cg14095850	50
TB	cg14095850	53
TB	cg14095850	56
TB	cg14095850	40
TB	cg14095850	44
TB	cg14095850	43
TB	cg14095850	43
TB	cg14095850	45
TB	cg14095850	46
TB	cg14095850	45
TB	cg14095850	40
TB	cg14095850	43
TB	cg14095850	44
TB	cg14095850	44
TB	cg14095850	42
TB	cg14095850	48
TB	cg14095850	46
TB	cg14095850	45
TB	cg14095850	48
TB	cg14095850	45
TB	cg14095850	46
TB	cg14095850	43
TB	cg14095850	45
TB	cg14095850	42
TB	cg14095850	42
TB	cg14095850	42
TB	cg14095850	42
TB	cg14095850	41
TB	cg14095850	51
TB	cg14095850	44
TB	cg14095850	44
TB	cg14095850	43
TB	cg14095850	0
TB	cg14095850	0
TB	cg14095850	0
TB	cg14095850	0
TB	cg14095850	0
TB	cg14095850	0
TB	cg14095850	0
TB	cg14095850	0
TB	cg14095850	0
TB	cg14095850	5
TB	cg14095850	4
TB	cg14095850	5
TB	cg14095850	4
TB	cg14095850	5
TB	cg14095850	4
TB	cg14095850	4
TB	cg14095850	5
TB	cg14095850	5
TB	cg14095850	6
TB	cg14095850	5
TB	cg14095850	4
TB	cg14095850	6
TB	cg14095850	5
TB	cg14095850	5
TB	cg14095850	5
TB	cg14095850	5
TB	cg14095850	5
TB	cg14095850	6
TB	cg14095850	5
TB	cg14095850	4
TB	cg14095850	5
TB	cg14095850	4
TB	cg14095850	4
TB	cg14095850	5
TB	cg14095850	6
TB	cg14095850	5
TB	cg14095850	5
TB	cg14095850	5
TB	cg14095850	6
TB	cg14095850	6
TB	cg14095850	5
TB	cg14095850	5
TB	cg14095850	5
TB	cg14095850	6
TB	cg14095850	7
TB	cg14095850	4
TB	cg14095850	7
TB	cg14095850	5
TB	cg14095850	6
TB	cg14095850	5
TB	cg14095850	4
TB	cg14095850	4
TB	cg14095850	5
TB	cg14095850	5
TB	cg14095850	5
TB	cg14095850	5
TB	cg14095850	6
TB	cg14095850	7
TB	cg14095850	8
TB	cg14095850	5
TB	cg14095850	5
TB	cg14095850	4
TB	cg14095850	5
TB	cg14095850	6
TB	cg14095850	4
TB	cg14095850	5
HC	cg14095850	1
HC	cg14095850	1
HC	cg14095850	1
HC	cg14095850	0
HC	cg14095850	1
HC	cg14095850	7
HC	cg14095850	8
HC	cg14095850	8
HC	cg14095850	7
HC	cg14095850	8
HC	cg14095850	6
HC	cg14095850	7
HC	cg14095850	7
HC	cg14095850	7
HC	cg14095850	8
HC	cg14095850	7
HC	cg14095850	8
HC	cg14095850	7
HC	cg14095850	7
HC	cg14095850	8
HC	cg14095850	7
HC	cg14095850	7
HC	cg14095850	7
HC	cg14095850	8
HC	cg14095850	7
HC	cg14095850	9
HC	cg14095850	58
HC	cg14095850	59
HC	cg14095850	57
HC	cg14095850	53
HC	cg14095850	60
HC	cg14095850	56
HC	cg14095850	56
HC	cg14095850	55
HC	cg14095850	57
HC	cg14095850	63
HC	cg14095850	57
HC	cg14095850	56
HC	cg14095850	57
HC	cg14095850	53
HC	cg14095850	58
HC	cg14095850	63
HC	cg14095850	10
HC	cg14095850	10
HC	cg14095850	9
HC	cg14095850	10
HC	cg14095850	9
HC	cg14095850	59
HC	cg14095850	54
HC	cg14095850	56
HC	cg14095850	57
HC	cg14095850	56
HC	cg14095850	57
HC	cg14095850	58
HC	cg14095850	59
HC	cg14095850	61
HC	cg14095850	60
HC	cg14095850	60
HC	cg14095850	60
HC	cg14095850	53
HC	cg14095850	58
HC	cg14095850	55
HC	cg14095850	58
HC	cg14095850	54
HC	cg14095850	56
HC	cg14095850	54
HC	cg14095850	54
HC	cg14095850	55
HC	cg14095850	60
HC	cg14095850	59
HC	cg14095850	55
HC	cg14095850	55
HC	cg14095850	60
HC	cg14095850	53
HC	cg14095850	58
HC	cg14095850	6
HC	cg14095850	5
HC	cg14095850	5
HC	cg14095850	5
HC	cg14095850	5
HC	cg14095850	5
HC	cg14095850	5
HC	cg14095850	4
HC	cg14095850	6
HC	cg14095850	6
HC	cg14095850	5
HC	cg14095850	6
HC	cg14095850	7
HC	cg14095850	7
HC	cg14095850	8
HC	cg14095850	6
HC	cg14095850	6
HC	cg14095850	5
HC	cg14095850	6
HC	cg14095850	8
HC	cg14095850	5
HC	cg14095850	8
HC	cg14095850	6
HC	cg14095850	6
HC	cg14095850	9
HC	cg14095850	6
HC	cg14095850	10
HC	cg14095850	7
HC	cg14095850	5
HC	cg14095850	8
HC	cg14095850	8
TB	cg15705999	60
TB	cg15705999	65
TB	cg15705999	65
TB	cg15705999	46
TB	cg15705999	42
TB	cg15705999	47
TB	cg15705999	55
TB	cg15705999	55
TB	cg15705999	58
TB	cg15705999	60
TB	cg15705999	48
TB	cg15705999	44
TB	cg15705999	47
TB	cg15705999	56
TB	cg15705999	60
TB	cg15705999	52
TB	cg15705999	51
TB	cg15705999	55
TB	cg15705999	56
TB	cg15705999	48
TB	cg15705999	50
TB	cg15705999	51
TB	cg15705999	57
TB	cg15705999	60
TB	cg15705999	53
TB	cg15705999	45
TB	cg15705999	40
TB	cg15705999	50
TB	cg15705999	41
TB	cg15705999	54
TB	cg15705999	43
TB	cg15705999	51
TB	cg15705999	0
TB	cg15705999	25
TB	cg15705999	0
TB	cg15705999	0
TB	cg15705999	0
TB	cg15705999	0
TB	cg15705999	0
TB	cg15705999	0
TB	cg15705999	0
TB	cg15705999	7
TB	cg15705999	6
TB	cg15705999	7
TB	cg15705999	6
TB	cg15705999	9
TB	cg15705999	8
TB	cg15705999	6
TB	cg15705999	7
TB	cg15705999	7
TB	cg15705999	7
TB	cg15705999	9
TB	cg15705999	7
TB	cg15705999	7
TB	cg15705999	6
TB	cg15705999	6
TB	cg15705999	4
TB	cg15705999	8
TB	cg15705999	6
TB	cg15705999	7
TB	cg15705999	6
TB	cg15705999	5
TB	cg15705999	6
TB	cg15705999	7
TB	cg15705999	5
TB	cg15705999	6
TB	cg15705999	5
TB	cg15705999	6
TB	cg15705999	9
TB	cg15705999	6
TB	cg15705999	5
TB	cg15705999	6
TB	cg15705999	8
TB	cg15705999	5
TB	cg15705999	8
TB	cg15705999	5
TB	cg15705999	6
TB	cg15705999	7
TB	cg15705999	7
TB	cg15705999	5
TB	cg15705999	7
TB	cg15705999	6
TB	cg15705999	6
TB	cg15705999	6
TB	cg15705999	5
TB	cg15705999	6
TB	cg15705999	7
TB	cg15705999	7
TB	cg15705999	5
TB	cg15705999	7
TB	cg15705999	5
TB	cg15705999	8
TB	cg15705999	5
TB	cg15705999	6
TB	cg15705999	7
TB	cg15705999	6
TB	cg15705999	5
TB	cg15705999	8
HC	cg15705999	1
HC	cg15705999	0
HC	cg15705999	2
HC	cg15705999	0
HC	cg15705999	2
HC	cg15705999	18
HC	cg15705999	20
HC	cg15705999	20
HC	cg15705999	21
HC	cg15705999	21
HC	cg15705999	19
HC	cg15705999	19
HC	cg15705999	19
HC	cg15705999	19
HC	cg15705999	20
HC	cg15705999	21
HC	cg15705999	20
HC	cg15705999	18
HC	cg15705999	20
HC	cg15705999	20
HC	cg15705999	19
HC	cg15705999	20
HC	cg15705999	20
HC	cg15705999	21
HC	cg15705999	22
HC	cg15705999	22
HC	cg15705999	67
HC	cg15705999	67
HC	cg15705999	68
HC	cg15705999	75
HC	cg15705999	72
HC	cg15705999	76
HC	cg15705999	68
HC	cg15705999	71
HC	cg15705999	70
HC	cg15705999	58
HC	cg15705999	59
HC	cg15705999	52
HC	cg15705999	59
HC	cg15705999	63
HC	cg15705999	60
HC	cg15705999	67
HC	cg15705999	13
HC	cg15705999	14
HC	cg15705999	14
HC	cg15705999	14
HC	cg15705999	13
HC	cg15705999	70
HC	cg15705999	61
HC	cg15705999	48
HC	cg15705999	64
HC	cg15705999	65
HC	cg15705999	66
HC	cg15705999	49
HC	cg15705999	57
HC	cg15705999	62
HC	cg15705999	66
HC	cg15705999	62
HC	cg15705999	66
HC	cg15705999	66
HC	cg15705999	60
HC	cg15705999	65
HC	cg15705999	57
HC	cg15705999	68
HC	cg15705999	61
HC	cg15705999	62
HC	cg15705999	55
HC	cg15705999	59
HC	cg15705999	62
HC	cg15705999	61
HC	cg15705999	65
HC	cg15705999	68
HC	cg15705999	69
HC	cg15705999	63
HC	cg15705999	67
HC	cg15705999	6
HC	cg15705999	6
HC	cg15705999	5
HC	cg15705999	4
HC	cg15705999	5
HC	cg15705999	4
HC	cg15705999	6
HC	cg15705999	6
HC	cg15705999	5
HC	cg15705999	6
HC	cg15705999	8
HC	cg15705999	8
HC	cg15705999	18
HC	cg15705999	16
HC	cg15705999	17
HC	cg15705999	13
HC	cg15705999	13
HC	cg15705999	13
HC	cg15705999	12
HC	cg15705999	18
HC	cg15705999	12
HC	cg15705999	18
HC	cg15705999	13
HC	cg15705999	13
HC	cg15705999	13
HC	cg15705999	13
HC	cg15705999	13
HC	cg15705999	16
HC	cg15705999	13
HC	cg15705999	17
HC	cg15705999	16
TB	cg16317961	7
TB	cg16317961	7
TB	cg16317961	7
TB	cg16317961	5
TB	cg16317961	5
TB	cg16317961	5
TB	cg16317961	6
TB	cg16317961	5
TB	cg16317961	5
TB	cg16317961	6
TB	cg16317961	5
TB	cg16317961	6
TB	cg16317961	5
TB	cg16317961	5
TB	cg16317961	6
TB	cg16317961	6
TB	cg16317961	5
TB	cg16317961	5
TB	cg16317961	7
TB	cg16317961	6
TB	cg16317961	5
TB	cg16317961	5
TB	cg16317961	6
TB	cg16317961	7
TB	cg16317961	5
TB	cg16317961	5
TB	cg16317961	5
TB	cg16317961	7
TB	cg16317961	6
TB	cg16317961	6
TB	cg16317961	6
TB	cg16317961	5
TB	cg16317961	0
TB	cg16317961	0
TB	cg16317961	0
TB	cg16317961	0
TB	cg16317961	0
TB	cg16317961	0
TB	cg16317961	0
TB	cg16317961	0
TB	cg16317961	0
TB	cg16317961	35
TB	cg16317961	42
TB	cg16317961	41
TB	cg16317961	39
TB	cg16317961	33
TB	cg16317961	36
TB	cg16317961	40
TB	cg16317961	37
TB	cg16317961	42
TB	cg16317961	37
TB	cg16317961	36
TB	cg16317961	37
TB	cg16317961	42
TB	cg16317961	40
TB	cg16317961	41
TB	cg16317961	39
TB	cg16317961	34
TB	cg16317961	41
TB	cg16317961	42
TB	cg16317961	38
TB	cg16317961	39
TB	cg16317961	45
TB	cg16317961	36
TB	cg16317961	36
TB	cg16317961	40
TB	cg16317961	38
TB	cg16317961	38
TB	cg16317961	36
TB	cg16317961	38
TB	cg16317961	35
TB	cg16317961	38
TB	cg16317961	35
TB	cg16317961	36
TB	cg16317961	37
TB	cg16317961	41
TB	cg16317961	40
TB	cg16317961	38
TB	cg16317961	37
TB	cg16317961	42
TB	cg16317961	35
TB	cg16317961	42
TB	cg16317961	36
TB	cg16317961	43
TB	cg16317961	38
TB	cg16317961	39
TB	cg16317961	39
TB	cg16317961	41
TB	cg16317961	31
TB	cg16317961	34
TB	cg16317961	27
TB	cg16317961	34
TB	cg16317961	40
TB	cg16317961	41
TB	cg16317961	39
TB	cg16317961	39
TB	cg16317961	37
TB	cg16317961	38
HC	cg16317961	47
HC	cg16317961	44
HC	cg16317961	46
HC	cg16317961	46
HC	cg16317961	48
HC	cg16317961	44
HC	cg16317961	38
HC	cg16317961	38
HC	cg16317961	36
HC	cg16317961	33
HC	cg16317961	35
HC	cg16317961	43
HC	cg16317961	40
HC	cg16317961	40
HC	cg16317961	39
HC	cg16317961	36
HC	cg16317961	35
HC	cg16317961	45
HC	cg16317961	42
HC	cg16317961	40
HC	cg16317961	39
HC	cg16317961	36
HC	cg16317961	43
HC	cg16317961	43
HC	cg16317961	38
HC	cg16317961	36
HC	cg16317961	8
HC	cg16317961	10
HC	cg16317961	10
HC	cg16317961	8
HC	cg16317961	9
HC	cg16317961	9
HC	cg16317961	9
HC	cg16317961	11
HC	cg16317961	10
HC	cg16317961	12
HC	cg16317961	10
HC	cg16317961	12
HC	cg16317961	13
HC	cg16317961	11
HC	cg16317961	11
HC	cg16317961	15
HC	cg16317961	34
HC	cg16317961	30
HC	cg16317961	31
HC	cg16317961	32
HC	cg16317961	34
HC	cg16317961	4
HC	cg16317961	5
HC	cg16317961	4
HC	cg16317961	5
HC	cg16317961	5
HC	cg16317961	5
HC	cg16317961	6
HC	cg16317961	5
HC	cg16317961	6
HC	cg16317961	6
HC	cg16317961	6
HC	cg16317961	7
HC	cg16317961	6
HC	cg16317961	6
HC	cg16317961	6
HC	cg16317961	7
HC	cg16317961	7
HC	cg16317961	7
HC	cg16317961	7
HC	cg16317961	7
HC	cg16317961	6
HC	cg16317961	7
HC	cg16317961	5
HC	cg16317961	7
HC	cg16317961	6
HC	cg16317961	6
HC	cg16317961	6
HC	cg16317961	8
HC	cg16317961	33
HC	cg16317961	35
HC	cg16317961	44
HC	cg16317961	39
HC	cg16317961	40
HC	cg16317961	33
HC	cg16317961	35
HC	cg16317961	37
HC	cg16317961	37
HC	cg16317961	36
HC	cg16317961	34
HC	cg16317961	32
HC	cg16317961	42
HC	cg16317961	43
HC	cg16317961	42
HC	cg16317961	43
HC	cg16317961	44
HC	cg16317961	42
HC	cg16317961	43
HC	cg16317961	44
HC	cg16317961	45
HC	cg16317961	42
HC	cg16317961	41
HC	cg16317961	45
HC	cg16317961	46
HC	cg16317961	43
HC	cg16317961	43
HC	cg16317961	44
HC	cg16317961	42
HC	cg16317961	43
HC	cg16317961	43
TB	cg18644543	44
TB	cg18644543	47
TB	cg18644543	49
TB	cg18644543	42
TB	cg18644543	44
TB	cg18644543	47
TB	cg18644543	47
TB	cg18644543	49
TB	cg18644543	47
TB	cg18644543	47
TB	cg18644543	47
TB	cg18644543	45
TB	cg18644543	46
TB	cg18644543	49
TB	cg18644543	44
TB	cg18644543	42
TB	cg18644543	46
TB	cg18644543	44
TB	cg18644543	43
TB	cg18644543	49
TB	cg18644543	45
TB	cg18644543	46
TB	cg18644543	47
TB	cg18644543	42
TB	cg18644543	45
TB	cg18644543	45
TB	cg18644543	43
TB	cg18644543	45
TB	cg18644543	47
TB	cg18644543	44
TB	cg18644543	44
TB	cg18644543	43
TB	cg18644543	0
TB	cg18644543	0
TB	cg18644543	0
TB	cg18644543	0
TB	cg18644543	0
TB	cg18644543	0
TB	cg18644543	0
TB	cg18644543	12.5
TB	cg18644543	0
TB	cg18644543	4
TB	cg18644543	4
TB	cg18644543	4
TB	cg18644543	4
TB	cg18644543	6
TB	cg18644543	5
TB	cg18644543	4
TB	cg18644543	4
TB	cg18644543	4
TB	cg18644543	4
TB	cg18644543	4
TB	cg18644543	6
TB	cg18644543	5
TB	cg18644543	5
TB	cg18644543	4
TB	cg18644543	3
TB	cg18644543	5
TB	cg18644543	4
TB	cg18644543	3
TB	cg18644543	4
TB	cg18644543	4
TB	cg18644543	4
TB	cg18644543	4
TB	cg18644543	4
TB	cg18644543	4
TB	cg18644543	3
TB	cg18644543	4
TB	cg18644543	5
TB	cg18644543	4
TB	cg18644543	4
TB	cg18644543	4
TB	cg18644543	3
TB	cg18644543	4
TB	cg18644543	5
TB	cg18644543	4
TB	cg18644543	9
TB	cg18644543	4
TB	cg18644543	4
TB	cg18644543	4
TB	cg18644543	4
TB	cg18644543	5
TB	cg18644543	5
TB	cg18644543	4
TB	cg18644543	4
TB	cg18644543	4
TB	cg18644543	4
TB	cg18644543	3
TB	cg18644543	5
TB	cg18644543	5
TB	cg18644543	4
TB	cg18644543	3
TB	cg18644543	4
TB	cg18644543	3
TB	cg18644543	5
TB	cg18644543	4
TB	cg18644543	4
TB	cg18644543	4
HC	cg18644543	2
HC	cg18644543	1
HC	cg18644543	2
HC	cg18644543	0
HC	cg18644543	0
HC	cg18644543	6
HC	cg18644543	7
HC	cg18644543	8
HC	cg18644543	8
HC	cg18644543	8
HC	cg18644543	7
HC	cg18644543	8
HC	cg18644543	7
HC	cg18644543	7
HC	cg18644543	7
HC	cg18644543	8
HC	cg18644543	8
HC	cg18644543	8
HC	cg18644543	8
HC	cg18644543	7
HC	cg18644543	7
HC	cg18644543	8
HC	cg18644543	8
HC	cg18644543	8
HC	cg18644543	7
HC	cg18644543	8
HC	cg18644543	49
HC	cg18644543	49
HC	cg18644543	46
HC	cg18644543	45
HC	cg18644543	50
HC	cg18644543	47
HC	cg18644543	43
HC	cg18644543	47
HC	cg18644543	48
HC	cg18644543	50
HC	cg18644543	43
HC	cg18644543	45
HC	cg18644543	46
HC	cg18644543	45
HC	cg18644543	46
HC	cg18644543	49
HC	cg18644543	5
HC	cg18644543	10
HC	cg18644543	9
HC	cg18644543	6
HC	cg18644543	10
HC	cg18644543	52
HC	cg18644543	51
HC	cg18644543	52
HC	cg18644543	51
HC	cg18644543	49
HC	cg18644543	48
HC	cg18644543	51
HC	cg18644543	46
HC	cg18644543	44
HC	cg18644543	49
HC	cg18644543	50
HC	cg18644543	51
HC	cg18644543	47
HC	cg18644543	47
HC	cg18644543	51
HC	cg18644543	49
HC	cg18644543	49
HC	cg18644543	51
HC	cg18644543	51
HC	cg18644543	46
HC	cg18644543	49
HC	cg18644543	45
HC	cg18644543	48
HC	cg18644543	47
HC	cg18644543	46
HC	cg18644543	50
HC	cg18644543	48
HC	cg18644543	49
HC	cg18644543	4
HC	cg18644543	4
HC	cg18644543	4
HC	cg18644543	4
HC	cg18644543	3
HC	cg18644543	4
HC	cg18644543	5
HC	cg18644543	4
HC	cg18644543	5
HC	cg18644543	5
HC	cg18644543	4
HC	cg18644543	4
HC	cg18644543	8
HC	cg18644543	7
HC	cg18644543	8
HC	cg18644543	5
HC	cg18644543	6
HC	cg18644543	7
HC	cg18644543	5
HC	cg18644543	7
HC	cg18644543	6
HC	cg18644543	8
HC	cg18644543	10
HC	cg18644543	5
HC	cg18644543	8
HC	cg18644543	8
HC	cg18644543	4
HC	cg18644543	10
HC	cg18644543	5
HC	cg18644543	8
HC	cg18644543	7
TB	cg19616230	31
TB	cg19616230	31
TB	cg19616230	31
TB	cg19616230	25
TB	cg19616230	26
TB	cg19616230	26
TB	cg19616230	31
TB	cg19616230	30
TB	cg19616230	28
TB	cg19616230	27
TB	cg19616230	30
TB	cg19616230	27
TB	cg19616230	29
TB	cg19616230	31
TB	cg19616230	29
TB	cg19616230	30
TB	cg19616230	28
TB	cg19616230	31
TB	cg19616230	30
TB	cg19616230	29
TB	cg19616230	32
TB	cg19616230	25
TB	cg19616230	32
TB	cg19616230	31
TB	cg19616230	29
TB	cg19616230	28
TB	cg19616230	28
TB	cg19616230	27
TB	cg19616230	31
TB	cg19616230	31
TB	cg19616230	29
TB	cg19616230	26
TB	cg19616230	0
TB	cg19616230	0
TB	cg19616230	0
TB	cg19616230	0
TB	cg19616230	16.5
TB	cg19616230	16.5
TB	cg19616230	0
TB	cg19616230	0
TB	cg19616230	0
TB	cg19616230	9
TB	cg19616230	17
TB	cg19616230	9
TB	cg19616230	11
TB	cg19616230	4
TB	cg19616230	11
TB	cg19616230	17
TB	cg19616230	6
TB	cg19616230	6
TB	cg19616230	5
TB	cg19616230	4
TB	cg19616230	7
TB	cg19616230	10
TB	cg19616230	4
TB	cg19616230	4
TB	cg19616230	5
TB	cg19616230	12
TB	cg19616230	8
TB	cg19616230	5
TB	cg19616230	7
TB	cg19616230	7
TB	cg19616230	6
TB	cg19616230	4
TB	cg19616230	6
TB	cg19616230	6
TB	cg19616230	7
TB	cg19616230	13
TB	cg19616230	6
TB	cg19616230	7
TB	cg19616230	8
TB	cg19616230	7
TB	cg19616230	12
TB	cg19616230	9
TB	cg19616230	6
TB	cg19616230	6
TB	cg19616230	8
TB	cg19616230	5
TB	cg19616230	6
TB	cg19616230	4
TB	cg19616230	9
TB	cg19616230	8
TB	cg19616230	4
TB	cg19616230	4
TB	cg19616230	4
TB	cg19616230	6
TB	cg19616230	8
TB	cg19616230	21
TB	cg19616230	10
TB	cg19616230	19
TB	cg19616230	5
TB	cg19616230	4
TB	cg19616230	6
TB	cg19616230	11
TB	cg19616230	7
TB	cg19616230	4
TB	cg19616230	5
TB	cg19616230	4
HC	cg19616230	6
HC	cg19616230	5
HC	cg19616230	12
HC	cg19616230	10
HC	cg19616230	7
HC	cg19616230	39
HC	cg19616230	33
HC	cg19616230	26
HC	cg19616230	28
HC	cg19616230	30
HC	cg19616230	30
HC	cg19616230	42
HC	cg19616230	41
HC	cg19616230	40
HC	cg19616230	28
HC	cg19616230	28
HC	cg19616230	30
HC	cg19616230	41
HC	cg19616230	29
HC	cg19616230	32
HC	cg19616230	38
HC	cg19616230	32
HC	cg19616230	31
HC	cg19616230	29
HC	cg19616230	35
HC	cg19616230	32
HC	cg19616230	39
HC	cg19616230	39
HC	cg19616230	35
HC	cg19616230	39
HC	cg19616230	45
HC	cg19616230	38
HC	cg19616230	42
HC	cg19616230	36
HC	cg19616230	40
HC	cg19616230	43
HC	cg19616230	41
HC	cg19616230	40
HC	cg19616230	39
HC	cg19616230	44
HC	cg19616230	39
HC	cg19616230	41
HC	cg19616230	15
HC	cg19616230	30
HC	cg19616230	26
HC	cg19616230	35
HC	cg19616230	29
HC	cg19616230	33
HC	cg19616230	35
HC	cg19616230	32
HC	cg19616230	34
HC	cg19616230	33
HC	cg19616230	32
HC	cg19616230	37
HC	cg19616230	34
HC	cg19616230	33
HC	cg19616230	34
HC	cg19616230	39
HC	cg19616230	36
HC	cg19616230	36
HC	cg19616230	35
HC	cg19616230	37
HC	cg19616230	39
HC	cg19616230	40
HC	cg19616230	36
HC	cg19616230	38
HC	cg19616230	34
HC	cg19616230	36
HC	cg19616230	31
HC	cg19616230	33
HC	cg19616230	31
HC	cg19616230	30
HC	cg19616230	36
HC	cg19616230	32
HC	cg19616230	34
HC	cg19616230	15
HC	cg19616230	6
HC	cg19616230	11
HC	cg19616230	4
HC	cg19616230	7
HC	cg19616230	12
HC	cg19616230	5
HC	cg19616230	8
HC	cg19616230	5
HC	cg19616230	7
HC	cg19616230	5
HC	cg19616230	11
HC	cg19616230	9
HC	cg19616230	7
HC	cg19616230	12
HC	cg19616230	13
HC	cg19616230	9
HC	cg19616230	8
HC	cg19616230	4
HC	cg19616230	8
HC	cg19616230	14
HC	cg19616230	10
HC	cg19616230	4
HC	cg19616230	9
HC	cg19616230	7
HC	cg19616230	6
HC	cg19616230	9
HC	cg19616230	8
HC	cg19616230	8
HC	cg19616230	13
HC	cg19616230	5
TB	cg20098659	89
TB	cg20098659	92
TB	cg20098659	85
TB	cg20098659	67
TB	cg20098659	39
TB	cg20098659	91
TB	cg20098659	35
TB	cg20098659	62
TB	cg20098659	26
TB	cg20098659	45
TB	cg20098659	61
TB	cg20098659	85
TB	cg20098659	30
TB	cg20098659	39
TB	cg20098659	71
TB	cg20098659	47
TB	cg20098659	40
TB	cg20098659	67
TB	cg20098659	36
TB	cg20098659	53
TB	cg20098659	38
TB	cg20098659	85
TB	cg20098659	28
TB	cg20098659	55
TB	cg20098659	88
TB	cg20098659	20
TB	cg20098659	57
TB	cg20098659	46
TB	cg20098659	69
TB	cg20098659	35
TB	cg20098659	45
TB	cg20098659	88
TB	cg20098659	87.5
TB	cg20098659	100
TB	cg20098659	92.5
TB	cg20098659	100
TB	cg20098659	100
TB	cg20098659	83
TB	cg20098659	92.5
TB	cg20098659	100
TB	cg20098659	100
TB	cg20098659	47
TB	cg20098659	49
TB	cg20098659	57
TB	cg20098659	62
TB	cg20098659	52
TB	cg20098659	64
TB	cg20098659	52
TB	cg20098659	56
TB	cg20098659	50
TB	cg20098659	49
TB	cg20098659	45
TB	cg20098659	48
TB	cg20098659	49
TB	cg20098659	56
TB	cg20098659	53
TB	cg20098659	59
TB	cg20098659	52
TB	cg20098659	43
TB	cg20098659	46
TB	cg20098659	50
TB	cg20098659	46
TB	cg20098659	51
TB	cg20098659	35
TB	cg20098659	56
TB	cg20098659	44
TB	cg20098659	43
TB	cg20098659	56
TB	cg20098659	33
TB	cg20098659	68
TB	cg20098659	50
TB	cg20098659	48
TB	cg20098659	52
TB	cg20098659	59
TB	cg20098659	42
TB	cg20098659	52
TB	cg20098659	49
TB	cg20098659	42
TB	cg20098659	52
TB	cg20098659	53
TB	cg20098659	56
TB	cg20098659	43
TB	cg20098659	56
TB	cg20098659	61
TB	cg20098659	49
TB	cg20098659	62
TB	cg20098659	47
TB	cg20098659	56
TB	cg20098659	57
TB	cg20098659	61
TB	cg20098659	42
TB	cg20098659	37
TB	cg20098659	25
TB	cg20098659	52
TB	cg20098659	50
TB	cg20098659	55
TB	cg20098659	53
TB	cg20098659	50
HC	cg20098659	91
HC	cg20098659	91
HC	cg20098659	93
HC	cg20098659	94
HC	cg20098659	90
HC	cg20098659	92
HC	cg20098659	95
HC	cg20098659	91
HC	cg20098659	94
HC	cg20098659	96
HC	cg20098659	93
HC	cg20098659	92
HC	cg20098659	93
HC	cg20098659	95
HC	cg20098659	93
HC	cg20098659	94
HC	cg20098659	92
HC	cg20098659	92
HC	cg20098659	93
HC	cg20098659	91
HC	cg20098659	94
HC	cg20098659	94
HC	cg20098659	94
HC	cg20098659	95
HC	cg20098659	95
HC	cg20098659	80
HC	cg20098659	88
HC	cg20098659	90
HC	cg20098659	90
HC	cg20098659	86
HC	cg20098659	86
HC	cg20098659	89
HC	cg20098659	88
HC	cg20098659	79
HC	cg20098659	59
HC	cg20098659	81
HC	cg20098659	81
HC	cg20098659	88
HC	cg20098659	91
HC	cg20098659	75
HC	cg20098659	81
HC	cg20098659	65
HC	cg20098659	55
HC	cg20098659	55
HC	cg20098659	55
HC	cg20098659	68
HC	cg20098659	63
HC	cg20098659	89
HC	cg20098659	88
HC	cg20098659	88
HC	cg20098659	88
HC	cg20098659	90
HC	cg20098659	89
HC	cg20098659	94
HC	cg20098659	87
HC	cg20098659	89
HC	cg20098659	91
HC	cg20098659	88
HC	cg20098659	90
HC	cg20098659	90
HC	cg20098659	90
HC	cg20098659	88
HC	cg20098659	91
HC	cg20098659	90
HC	cg20098659	90
HC	cg20098659	90
HC	cg20098659	93
HC	cg20098659	89
HC	cg20098659	92
HC	cg20098659	89
HC	cg20098659	91
HC	cg20098659	89
HC	cg20098659	89
HC	cg20098659	88
HC	cg20098659	86
HC	cg20098659	49
HC	cg20098659	61
HC	cg20098659	53
HC	cg20098659	52
HC	cg20098659	58
HC	cg20098659	53
HC	cg20098659	62
HC	cg20098659	43
HC	cg20098659	38
HC	cg20098659	52
HC	cg20098659	55
HC	cg20098659	53
HC	cg20098659	57
HC	cg20098659	31
HC	cg20098659	28
HC	cg20098659	34
HC	cg20098659	49
HC	cg20098659	45
HC	cg20098659	42
HC	cg20098659	42
HC	cg20098659	44
HC	cg20098659	37
HC	cg20098659	33
HC	cg20098659	36
HC	cg20098659	31
HC	cg20098659	33
HC	cg20098659	51
HC	cg20098659	47
HC	cg20098659	33
HC	cg20098659	44
HC	cg20098659	38
TB	cg21184174	38
TB	cg21184174	36
TB	cg21184174	47
TB	cg21184174	39
TB	cg21184174	37
TB	cg21184174	36
TB	cg21184174	34
TB	cg21184174	34
TB	cg21184174	36
TB	cg21184174	35
TB	cg21184174	36
TB	cg21184174	39
TB	cg21184174	35
TB	cg21184174	34
TB	cg21184174	37
TB	cg21184174	29
TB	cg21184174	28
TB	cg21184174	37
TB	cg21184174	38
TB	cg21184174	34
TB	cg21184174	38
TB	cg21184174	33
TB	cg21184174	38
TB	cg21184174	39
TB	cg21184174	36
TB	cg21184174	39
TB	cg21184174	37
TB	cg21184174	39
TB	cg21184174	35
TB	cg21184174	37
TB	cg21184174	37
TB	cg21184174	38
TB	cg21184174	0
TB	cg21184174	0
TB	cg21184174	0
TB	cg21184174	0
TB	cg21184174	25
TB	cg21184174	0
TB	cg21184174	0
TB	cg21184174	0
TB	cg21184174	0
TB	cg21184174	10
TB	cg21184174	4
TB	cg21184174	8
TB	cg21184174	11
TB	cg21184174	6
TB	cg21184174	10
TB	cg21184174	7
TB	cg21184174	3
TB	cg21184174	8
TB	cg21184174	10
TB	cg21184174	5
TB	cg21184174	7
TB	cg21184174	4
TB	cg21184174	5
TB	cg21184174	15
TB	cg21184174	8
TB	cg21184174	5
TB	cg21184174	8
TB	cg21184174	6
TB	cg21184174	6
TB	cg21184174	5
TB	cg21184174	5
TB	cg21184174	7
TB	cg21184174	5
TB	cg21184174	5
TB	cg21184174	8
TB	cg21184174	6
TB	cg21184174	6
TB	cg21184174	6
TB	cg21184174	5
TB	cg21184174	9
TB	cg21184174	6
TB	cg21184174	6
TB	cg21184174	5
TB	cg21184174	6
TB	cg21184174	9
TB	cg21184174	7
TB	cg21184174	5
TB	cg21184174	6
TB	cg21184174	5
TB	cg21184174	9
TB	cg21184174	9
TB	cg21184174	6
TB	cg21184174	19
TB	cg21184174	5
TB	cg21184174	4
TB	cg21184174	4
TB	cg21184174	8
TB	cg21184174	7
TB	cg21184174	6
TB	cg21184174	8
TB	cg21184174	7
TB	cg21184174	6
TB	cg21184174	5
TB	cg21184174	6
TB	cg21184174	4
TB	cg21184174	6
HC	cg21184174	6
HC	cg21184174	5
HC	cg21184174	12
HC	cg21184174	6
HC	cg21184174	9
HC	cg21184174	29
HC	cg21184174	31
HC	cg21184174	28
HC	cg21184174	31
HC	cg21184174	29
HC	cg21184174	31
HC	cg21184174	33
HC	cg21184174	40
HC	cg21184174	37
HC	cg21184174	29
HC	cg21184174	30
HC	cg21184174	28
HC	cg21184174	37
HC	cg21184174	38
HC	cg21184174	32
HC	cg21184174	35
HC	cg21184174	29
HC	cg21184174	33
HC	cg21184174	30
HC	cg21184174	29
HC	cg21184174	28
HC	cg21184174	42
HC	cg21184174	46
HC	cg21184174	52
HC	cg21184174	48
HC	cg21184174	43
HC	cg21184174	46
HC	cg21184174	45
HC	cg21184174	43
HC	cg21184174	41
HC	cg21184174	49
HC	cg21184174	47
HC	cg21184174	51
HC	cg21184174	46
HC	cg21184174	41
HC	cg21184174	44
HC	cg21184174	37
HC	cg21184174	23
HC	cg21184174	26
HC	cg21184174	23
HC	cg21184174	18
HC	cg21184174	14
HC	cg21184174	39
HC	cg21184174	46
HC	cg21184174	40
HC	cg21184174	43
HC	cg21184174	45
HC	cg21184174	41
HC	cg21184174	41
HC	cg21184174	39
HC	cg21184174	41
HC	cg21184174	44
HC	cg21184174	46
HC	cg21184174	40
HC	cg21184174	39
HC	cg21184174	38
HC	cg21184174	43
HC	cg21184174	42
HC	cg21184174	36
HC	cg21184174	44
HC	cg21184174	40
HC	cg21184174	41
HC	cg21184174	43
HC	cg21184174	41
HC	cg21184174	44
HC	cg21184174	42
HC	cg21184174	44
HC	cg21184174	40
HC	cg21184174	38
HC	cg21184174	36
HC	cg21184174	10
HC	cg21184174	10
HC	cg21184174	23
HC	cg21184174	4
HC	cg21184174	3
HC	cg21184174	7
HC	cg21184174	5
HC	cg21184174	9
HC	cg21184174	11
HC	cg21184174	11
HC	cg21184174	6
HC	cg21184174	7
HC	cg21184174	11
HC	cg21184174	14
HC	cg21184174	8
HC	cg21184174	15
HC	cg21184174	8
HC	cg21184174	9
HC	cg21184174	8
HC	cg21184174	10
HC	cg21184174	16
HC	cg21184174	15
HC	cg21184174	9
HC	cg21184174	11
HC	cg21184174	7
HC	cg21184174	14
HC	cg21184174	15
HC	cg21184174	12
HC	cg21184174	11
HC	cg21184174	14
HC	cg21184174	8
TB	cg23181133	75
TB	cg23181133	84
TB	cg23181133	81
TB	cg23181133	44
TB	cg23181133	17
TB	cg23181133	54
TB	cg23181133	19
TB	cg23181133	40
TB	cg23181133	12
TB	cg23181133	23
TB	cg23181133	37
TB	cg23181133	57
TB	cg23181133	15
TB	cg23181133	16
TB	cg23181133	46
TB	cg23181133	26
TB	cg23181133	21
TB	cg23181133	40
TB	cg23181133	21
TB	cg23181133	31
TB	cg23181133	16
TB	cg23181133	54
TB	cg23181133	13
TB	cg23181133	34
TB	cg23181133	63
TB	cg23181133	21
TB	cg23181133	25
TB	cg23181133	12
TB	cg23181133	41
TB	cg23181133	20
TB	cg23181133	21
TB	cg23181133	54
TB	cg23181133	27.5
TB	cg23181133	16.5
TB	cg23181133	42.5
TB	cg23181133	75
TB	cg23181133	66
TB	cg23181133	50
TB	cg23181133	8
TB	cg23181133	50
TB	cg23181133	57.5
TB	cg23181133	31
TB	cg23181133	38
TB	cg23181133	42
TB	cg23181133	32
TB	cg23181133	38
TB	cg23181133	32
TB	cg23181133	33
TB	cg23181133	46
TB	cg23181133	39
TB	cg23181133	33
TB	cg23181133	29
TB	cg23181133	29
TB	cg23181133	32
TB	cg23181133	41
TB	cg23181133	34
TB	cg23181133	47
TB	cg23181133	36
TB	cg23181133	31
TB	cg23181133	33
TB	cg23181133	37
TB	cg23181133	33
TB	cg23181133	39
TB	cg23181133	27
TB	cg23181133	40
TB	cg23181133	33
TB	cg23181133	38
TB	cg23181133	37
TB	cg23181133	28
TB	cg23181133	52
TB	cg23181133	31
TB	cg23181133	39
TB	cg23181133	39
TB	cg23181133	40
TB	cg23181133	36
TB	cg23181133	41
TB	cg23181133	33
TB	cg23181133	25
TB	cg23181133	34
TB	cg23181133	37
TB	cg23181133	34
TB	cg23181133	31
TB	cg23181133	34
TB	cg23181133	38
TB	cg23181133	41
TB	cg23181133	32
TB	cg23181133	31
TB	cg23181133	43
TB	cg23181133	43
TB	cg23181133	38
TB	cg23181133	34
TB	cg23181133	37
TB	cg23181133	36
TB	cg23181133	34
TB	cg23181133	33
TB	cg23181133	44
TB	cg23181133	40
TB	cg23181133	33
HC	cg23181133	67
HC	cg23181133	76
HC	cg23181133	67
HC	cg23181133	69
HC	cg23181133	72
HC	cg23181133	63
HC	cg23181133	68
HC	cg23181133	67
HC	cg23181133	68
HC	cg23181133	69
HC	cg23181133	71
HC	cg23181133	58
HC	cg23181133	57
HC	cg23181133	68
HC	cg23181133	67
HC	cg23181133	67
HC	cg23181133	68
HC	cg23181133	57
HC	cg23181133	62
HC	cg23181133	65
HC	cg23181133	65
HC	cg23181133	65
HC	cg23181133	65
HC	cg23181133	74
HC	cg23181133	61
HC	cg23181133	61
HC	cg23181133	73
HC	cg23181133	77
HC	cg23181133	75
HC	cg23181133	77
HC	cg23181133	75
HC	cg23181133	75
HC	cg23181133	73
HC	cg23181133	61
HC	cg23181133	69
HC	cg23181133	81
HC	cg23181133	73
HC	cg23181133	70
HC	cg23181133	71
HC	cg23181133	73
HC	cg23181133	76
HC	cg23181133	43
HC	cg23181133	39
HC	cg23181133	41
HC	cg23181133	30
HC	cg23181133	39
HC	cg23181133	38
HC	cg23181133	82
HC	cg23181133	79
HC	cg23181133	79
HC	cg23181133	80
HC	cg23181133	78
HC	cg23181133	79
HC	cg23181133	69
HC	cg23181133	79
HC	cg23181133	82
HC	cg23181133	77
HC	cg23181133	72
HC	cg23181133	74
HC	cg23181133	73
HC	cg23181133	73
HC	cg23181133	75
HC	cg23181133	73
HC	cg23181133	74
HC	cg23181133	74
HC	cg23181133	74
HC	cg23181133	73
HC	cg23181133	71
HC	cg23181133	85
HC	cg23181133	88
HC	cg23181133	81
HC	cg23181133	85
HC	cg23181133	84
HC	cg23181133	81
HC	cg23181133	85
HC	cg23181133	36
HC	cg23181133	54
HC	cg23181133	45
HC	cg23181133	37
HC	cg23181133	43
HC	cg23181133	41
HC	cg23181133	33
HC	cg23181133	36
HC	cg23181133	33
HC	cg23181133	47
HC	cg23181133	43
HC	cg23181133	31
HC	cg23181133	33
HC	cg23181133	18
HC	cg23181133	25
HC	cg23181133	24
HC	cg23181133	26
HC	cg23181133	30
HC	cg23181133	21
HC	cg23181133	24
HC	cg23181133	29
HC	cg23181133	25
HC	cg23181133	20
HC	cg23181133	23
HC	cg23181133	26
HC	cg23181133	21
HC	cg23181133	29
HC	cg23181133	30
HC	cg23181133	26
HC	cg23181133	32
HC	cg23181133	26
